order_id,customer_id,product_id,quantity,order_date
283,167,7,3,2025-10-20
1397,89,10,4,2025-03-11
119,138,16,3,2025-08-17
452,186,23,1,2025-06-07
652,94,4,5,2025-07-21
1725,3,20,5,2025-10-26
1066,92,15,5,2025-06-18
651,84,13,3,2025-05-05
1494,36,9,3,2025-03-21
1654,81,18,5,2025-12-14
1960,79,1,4,2025-03-01
1738,22,5,4,2025-03-11
399,111,17,1,2025-03-08
779,100,19,4,2025-03-09
372,94,12,4,2025-11-27
1498,124,6,4,2025-06-16
1440,40,23,5,2025-11-27
604,122,2,1,2025-10-10
395,19,5,3,2025-10-22
594,5,17,3,2025-01-07
1814,180,11,4,2025-03-19
357,112,13,4,2025-07-08
26,95,3,5,2025-12-05
82,192,19,3,2025-11-01
1068,47,4,4,2025-06-25
966,17,10,5,2025-03-23
804,41,9,1,2025-07-08
688,72,25,1,2025-04-16
1971,73,12,3,2025-01-07
1544,125,20,5,2025-06-11
908,116,3,1,2025-03-25
75,75,2,2,2025-08-29
895,147,13,5,2025-12-26
737,95,15,4,2025-12-22
468,124,7,2,2025-11-09
1686,34,1,4,2025-01-26
1612,140,1,5,2025-09-13
1039,164,9,5,2025-07-12
1303,173,2,3,2025-03-28
1477,192,4,5,2025-08-01
1973,187,15,4,2025-04-21
319,73,3,2,2025-03-05
915,41,2,1,2025-08-11
949,39,5,5,2025-08-01
1899,62,3,5,2025-09-11
170,68,18,1,2025-01-08
1163,3,4,3,2025-11-29
1067,188,3,3,2025-05-18
1491,71,18,5,2025-12-20
1536,150,22,5,2025-07-12
1762,7,10,4,2025-11-16
1863,159,12,5,2025-02-18
494,35,17,4,2025-09-10
1394,23,15,3,2025-04-27
1511,101,5,2,2025-05-29
1028,89,10,2,2025-12-22
1547,64,17,3,2025-01-21
1787,87,22,,2025-09-24
601,63,23,2,2025-10-17
103,114,25,1,2025-11-17
35,157,22,4,2025-10-19
685,8,24,5,2025-07-22
118,169,16,2,2025-10-24
1907,119,23,1,2025-11-17
1678,198,15,1,2025-06-13
125,170,21,2,2025-07-17
1578,196,1,3,2025-07-29
1628,75,16,2,2025-02-03
1501,98,3,1,2025-10-23
246,111,4,3,2025-06-26
18,156,20,1,2025-03-27
1699,117,16,1,2025-06-16
840,24,6,3,2025-03-03
1607,38,6,1,2025-03-25
339,171,22,1,2025-04-06
912,24,11,5,2025-10-08
474,102,12,2,2025-07-14
429,56,19,3,2025-05-04
792,63,3,4,2025-01-30
1114,178,19,,2025-04-01
1289,180,6,1,2025-08-17
1826,177,12,4,2025-11-19
1156,92,3,3,2025-10-09
555,82,23,4,2025-09-26
1868,166,12,3,2025-01-28
1855,107,23,4,2025-05-26
1123,54,20,3,2025-04-13
738,149,1,1,2025-06-17
570,179,20,2,2025-05-05
1952,7,13,4,2025-03-04
404,33,21,3,2025-05-21
831,16,14,2,2025-10-18
557,194,18,4,2025-04-05
4,7,13,5,2025-10-01
706,50,13,5,2025-03-11
1715,104,3,5,2025-06-07
1004,25,16,2,2025-05-31
656,178,3,4,2025-05-30
1596,140,5,4,2025-12-23
775,166,2,2,2025-06-01
1718,56,5,5,2025-02-16
1754,157,2,3,2025-06-09
1207,125,15,3,2025-06-12
564,69,13,5,2025-01-27
177,105,4,2,2025-11-29
1788,141,1,1,2025-06-10
1780,174,11,5,2025-07-15
332,78,4,1,2025-05-02
1594,166,15,1,2025-08-26
406,44,19,5,2025-11-25
1151,150,9,1,2025-03-24
1813,171,13,3,2025-01-20
1465,152,9,1,2025-12-26
1091,115,3,4,2025-10-21
1094,10,18,5,2025-07-31
628,79,15,3,2025-01-03
717,140,7,4,2025-08-14
1297,168,17,3,2025-11-11
1331,200,4,1,2025-03-21
182,151,24,2,2025-08-03
482,106,11,4,2025-02-21
756,114,1,1,2025-12-15
921,93,1,4,2025-01-28
631,132,14,1,2025-10-12
1623,73,20,5,2025-12-11
1371,157,19,4,2025-11-20
1988,46,16,2,2025-08-02
78,151,22,2,2025-11-17
374,116,12,3,2025-12-14
260,104,1,3,2025-02-28
1338,14,17,4,2025-03-07
1337,102,8,5,2025-05-24
162,188,5,1,2025-07-06
1333,2,25,5,2025-11-11
1400,153,8,1,2025-05-30
1086,127,6,1,2025-08-29
282,190,2,4,2025-10-11
658,65,22,2,2025-05-04
351,76,7,1,2025-01-19
1492,147,19,2,2025-10-12
1929,74,3,1,2025-04-02
556,39,10,,2025-07-29
256,190,2,4,2025-07-23
1726,33,10,1,2025-07-26
1279,81,14,3,2025-12-19
340,93,3,5,2025-09-26
851,151,9,1,2025-10-26
1756,132,16,5,2025-08-21
826,183,9,1,2025-03-14
389,36,8,4,2025-04-13
1531,121,1,3,2025-08-19
1255,156,16,4,2025-08-18
1247,54,19,2,2025-09-03
1690,177,23,4,2025-11-19
1107,118,7,3,2025-04-21
923,52,4,1,2025-09-03
478,144,23,3,2025-05-19
1865,14,7,1,2025-05-22
8,55,15,3,2025-06-17
25,89,18,4,2025-01-22
1538,52,23,5,2025-05-26
1252,67,6,5,2025-03-27
1262,5,7,5,2025-02-25
490,127,6,3,2025-07-23
859,158,20,5,2025-01-18
1188,196,15,4,2025-05-25
459,113,11,4,2025-01-10
1061,68,15,1,2025-06-01
1452,1,25,5,2025-08-21
1945,47,6,2,2025-05-27
735,163,25,1,2025-02-08
423,75,13,5,2025-01-26
916,53,7,4,2025-06-19
1667,124,24,5,2025-06-24
1296,186,13,4,2025-01-20
599,91,9,4,2025-05-10
375,196,3,5,2025-08-16
1459,165,11,1,2025-07-29
1409,35,10,1,2025-04-04
208,21,11,5,2025-02-07
355,92,25,1,2025-05-27
1360,66,16,1,2025-04-21
823,1,25,4,2025-06-21
1631,54,20,1,2025-12-23
438,160,22,5,2025-05-24
787,40,9,1,2025-11-12
409,21,2,5,2025-01-15
1235,149,18,5,2025-05-15
860,166,10,4,2025-05-06
398,164,19,2,2025-10-10
1428,162,24,1,2025-03-23
987,134,20,4,2025-12-13
214,167,25,5,2025-12-02
679,30,1,3,2025-12-30
111,131,23,3,2025-05-30
680,28,22,2,2025-11-28
1346,61,9,4,2025-05-15
579,185,14,3,2025-10-24
1989,31,25,3,2025-01-15
790,163,25,1,2025-10-28
110,166,5,4,2025-03-02
605,44,3,4,2025-12-26
1112,189,2,5,2025-09-29
197,7,5,1,2025-12-05
1716,176,20,4,2025-02-25
1824,11,13,2,2025-10-11
416,107,16,4,2025-08-14
137,195,21,1,2025-02-20
1318,199,15,4,2025-06-23
814,18,15,3,2025-07-25
623,98,3,5,2025-12-05
761,98,25,2,2025-03-12
1880,38,7,5,2025-08-12
71,161,7,3,2025-04-17
1575,167,12,2,2025-12-31
1022,110,13,4,2025-11-21
1878,97,8,1,2025-04-13
1507,129,23,2,2025-06-17
1484,156,8,5,2025-06-15
67,199,17,4,2025-04-26
592,169,16,1,2025-09-05
1830,139,21,3,2025-02-02
1060,165,8,4,2025-05-12
793,117,20,5,2025-03-01
598,50,20,5,2025-05-04
1516,144,7,4,2025-09-04
45,170,19,3,2025-06-06
1191,140,10,2,2025-07-20
691,68,22,4,2025-02-28
1761,147,2,3,2025-03-28
1671,183,17,1,2025-07-18
328,158,1,1,2025-08-18
585,36,24,5,2025-03-28
1497,56,24,1,2025-10-19
538,137,13,2,2025-08-06
1490,55,11,1,2025-04-24
856,8,13,4,2025-09-12
641,93,9,2,2025-02-09
838,138,12,2,2025-03-03
1177,118,23,3,2025-01-13
255,172,12,1,2025-10-14
223,144,11,1,2025-10-15
1390,139,6,5,2025-12-24
1432,61,21,4,2025-02-27
1959,36,22,5,2025-01-21
1330,64,20,3,2025-04-14
455,123,6,5,2025-10-26
1130,109,1,5,2025-05-27
1124,89,22,2,2025-12-18
1029,99,17,5,2025-02-22
1401,96,7,4,2025-10-08
1446,76,18,4,2025-10-14
1153,40,11,5,2025-01-21
1619,90,2,2,2025-12-01
314,119,25,3,2025-08-14
801,183,19,1,2025-05-15
1891,122,15,3,2025-10-30
1843,17,7,4,2025-04-23
977,8,13,1,2025-05-26
1251,147,5,1,2025-01-21
360,22,24,4,2025-05-17
527,149,3,1,2025-04-22
270,45,20,2,2025-04-12
1041,28,21,1,2025-12-05
861,141,16,1,2025-07-30
705,92,1,4,2025-01-28
635,200,3,5,2025-07-18
1646,197,1,1,2025-06-15
1687,13,4,4,2025-12-12
1329,68,7,2,2025-05-04
1509,193,20,5,2025-08-17
1816,112,13,1,2025-09-02
1853,125,3,1,2025-01-09
1385,189,10,4,2025-05-07
1184,185,20,1,2025-11-25
807,4,8,1,2025-01-23
1753,163,18,5,2025-12-17
397,133,12,2,2025-12-15
181,191,23,5,2025-12-10
479,28,20,5,2025-03-12
448,130,17,5,2025-06-22
16,30,19,2,2025-12-09
286,130,21,2,2025-02-13
40,49,3,2,2025-09-22
934,59,18,1,2025-10-29
1954,190,18,5,2025-01-03
202,200,12,5,2025-08-18
1412,83,1,2,2025-04-07
1238,65,13,2,2025-09-22
1248,106,1,2,2025-11-28
818,119,12,5,2025-05-05
5,170,1,1,2025-10-16
1875,51,24,3,2025-08-03
622,111,6,5,2025-07-12
2,87,22,4,2025-07-19
69,79,19,5,2025-08-08
678,18,10,1,2025-06-13
698,47,12,2,2025-03-01
236,37,24,1,2025-02-05
1502,90,14,4,2025-06-21
1504,163,25,4,2025-01-06
1827,162,15,2,2025-02-13
446,82,6,4,2025-11-10
333,108,21,5,2025-05-03
719,9,15,3,2025-06-02
1876,200,4,3,2025-04-28
1433,4,6,3,2025-06-16
1848,31,9,2,2025-02-02
1784,26,9,5,2025-05-17
1665,114,17,1,2025-02-17
1734,93,14,2,2025-07-16
1043,98,4,5,2025-08-16
1137,173,24,5,2025-11-12
703,126,10,2,2025-03-27
1659,153,4,3,2025-04-06
1799,117,9,4,2025-11-24
1140,171,2,4,2025-12-21
154,76,1,4,2025-12-25
1967,50,16,3,2025-07-21
289,94,12,3,2025-03-23
1430,164,10,2,2025-09-04
1750,133,3,5,2025-08-27
1244,155,23,1,2025-07-05
1099,85,18,5,2025-08-21
1044,122,23,2,2025-05-10
750,22,12,2,2025-05-09
1148,45,24,5,2025-04-06
1760,162,16,5,2025-02-01
180,100,15,3,2025-03-11
1541,169,12,1,2025-12-06
956,156,22,4,2025-11-13
613,77,6,5,2025-02-09
1721,100,20,5,2025-05-30
1083,89,22,4,2025-09-04
683,60,13,2,2025-08-25
904,99,15,4,2025-01-25
1558,139,5,2,2025-08-18
1157,57,6,5,2025-09-27
1676,54,11,2,2025-11-24
1222,101,8,5,2025-07-07
654,197,18,1,2025-12-16
1,112,16,1,2025-05-20
1975,36,19,5,2025-08-01
1794,56,20,1,2025-12-03
917,142,24,5,2025-12-23
997,128,10,3,2025-12-02
1664,96,2,2,2025-02-27
1574,129,20,4,2025-03-10
1378,170,9,1,2025-05-01
608,178,19,4,2025-04-19
998,104,13,1,2025-08-03
401,42,11,2,2025-03-26
762,174,5,1,2025-11-25
1938,152,22,5,2025-09-06
326,36,2,3,2025-03-16
1583,156,24,4,2025-01-22
1930,71,4,2,2025-03-26
1011,159,3,4,2025-10-25
659,97,3,4,2025-08-05
920,141,16,2,2025-10-20
1684,44,3,3,2025-05-06
513,96,14,5,2025-11-07
1961,57,15,3,2025-11-13
629,27,5,1,2025-05-19
769,110,11,2,2025-06-29
1095,24,20,5,2025-01-01
390,93,18,5,2025-01-14
378,7,24,2,2025-02-28
1370,164,11,4,2025-03-27
1475,169,8,5,2025-09-27
1445,11,16,4,2025-05-09
325,82,4,3,2025-01-15
827,60,17,4,2025-01-23
954,156,16,1,2025-10-20
1081,180,20,1,2025-12-19
561,63,9,2,2025-07-18
1986,68,10,4,2025-03-20
284,122,17,2,2025-11-06
847,25,15,1,2025-05-08
1503,198,8,5,2025-03-03
32,120,14,5,2025-09-05
1537,66,6,1,2025-01-23
575,185,16,3,2025-02-20
1614,122,15,4,2025-12-04
259,164,14,3,2025-12-30
392,23,3,3,2025-11-10
261,159,15,3,2025-03-29
253,45,5,4,2025-08-09
1660,81,23,1,2025-12-28
1981,146,25,2,2025-12-30
1387,8,2,3,2025-03-29
1992,161,22,4,2025-05-13
1879,150,16,1,2025-08-30
935,134,14,5,2025-07-18
1791,57,24,3,2025-06-29
810,83,8,4,2025-04-25
1423,197,23,2,2025-03-04
1648,158,1,2,2025-10-19
1074,157,13,3,2025-04-03
212,76,15,5,2025-09-29
73,142,3,2,2025-03-30
1636,91,5,5,2025-11-16
1263,176,14,2,2025-09-16
1618,48,5,1,2025-01-26
1732,140,7,2,2025-08-11
30,46,24,5,2025-08-11
798,96,5,3,2025-03-27
982,34,21,2,2025-08-31
1134,65,5,1,2025-12-16
574,132,16,4,2025-07-04
1117,156,23,2,2025-08-03
1746,10,19,4,2025-01-18
1965,22,18,4,2025-01-12
811,70,3,5,2025-06-13
1774,14,21,3,2025-06-26
852,17,7,4,2025-01-12
79,30,18,2,2025-08-06
1393,89,16,5,2025-06-08
1464,126,17,5,2025-12-03
1841,152,3,1,2025-03-29
1212,93,5,3,2025-05-22
1496,24,19,4,2025-06-03
676,134,16,3,2025-04-16
1577,50,8,1,2025-03-25
1765,71,9,1,2025-05-24
51,48,7,2,2025-12-20
1240,124,20,1,2025-09-07
1730,152,13,3,2025-12-26
1480,130,11,2,2025-07-25
933,89,18,4,2025-12-09
1190,137,8,2,2025-03-22
1908,19,13,3,2025-11-18
1283,102,25,2,2025-12-15
1275,154,18,4,2025-05-26
458,180,4,2,2025-10-21
224,91,22,4,2025-07-30
1781,11,4,5,2025-12-16
1110,118,22,5,2025-08-19
1334,124,12,5,2025-01-22
878,37,19,2,2025-10-16
1925,182,18,5,2025-08-29
1339,139,2,5,2025-09-02
1345,67,6,5,2025-11-10
545,190,2,4,2025-05-06
777,164,20,1,2025-09-13
839,79,15,3,2025-08-20
476,114,21,3,2025-06-27
228,28,12,5,2025-04-25
937,77,3,4,2025-09-01
1499,180,19,1,2025-12-20
362,76,11,1,2025-10-07
725,90,18,3,2025-10-19
531,197,21,4,2025-03-11
1167,186,10,1,2025-10-04
947,4,23,5,2025-08-23
141,63,17,4,2025-03-16
462,189,24,1,2025-08-30
1336,47,25,5,2025-09-09
1842,128,20,5,2025-02-28
1650,10,21,2,2025-08-31
667,111,4,1,2025-06-19
10,65,3,4,2025-08-04
1518,158,24,5,2025-10-15
258,110,19,4,2025-10-22
1682,141,11,3,2025-06-29
385,82,22,3,2025-12-16
97,103,25,5,2025-12-06
1809,184,9,1,2025-08-15
1082,170,24,2,2025-08-10
946,84,9,5,2025-10-10
1245,59,14,3,2025-12-05
1485,55,13,5,2025-10-07
278,119,15,1,2025-06-08
1996,178,5,3,2025-08-25
99,83,4,4,2025-05-10
1379,43,13,1,2025-04-18
1008,85,12,3,2025-08-04
330,187,20,5,2025-10-08
991,17,11,3,2025-09-04
1802,199,2,4,2025-05-22
1427,175,10,3,2025-07-19
159,194,24,2,2025-12-14
1047,134,9,5,2025-12-06
396,19,15,4,2025-11-25
1769,47,17,1,2025-09-06
1057,147,22,4,2025-02-26
293,99,10,3,2025-12-14
13,11,25,1,2025-11-30
1939,114,15,3,2025-10-08
1202,75,22,1,2025-02-07
444,133,15,2,2025-08-31
1580,17,6,4,2025-04-15
331,29,25,3,2025-08-05
1798,76,15,1,2025-05-10
1474,99,7,2,2025-09-30
1311,50,15,4,2025-11-07
919,25,2,4,2025-05-02
344,92,3,3,2025-01-09
1373,81,11,3,2025-04-27
1833,104,4,2,2025-01-22
277,91,17,1,2025-01-29
1604,41,13,5,2025-11-10
1683,181,10,5,2025-03-14
794,80,22,2,2025-01-29
1458,157,10,3,2025-03-20
199,45,9,1,2025-01-09
1998,163,12,1,2025-08-03
1136,92,15,1,2025-01-17
341,130,17,5,2025-10-06
648,52,16,,2025-12-22
1080,87,17,5,2025-12-09
92,47,19,4,2025-05-23
1535,179,22,1,2025-12-22
153,92,19,3,2025-10-20
1109,173,19,1,2025-11-21
914,168,6,5,2025-08-09
978,147,25,2,2025-03-25
517,93,3,5,2025-12-27
1822,88,3,4,2025-10-01
1888,164,20,2,2025-03-22
487,167,19,2,2025-02-15
1550,161,10,2,2025-07-01
791,179,14,2,2025-06-08
464,84,22,4,2025-10-15
1990,18,20,3,2025-09-10
1593,177,17,2,2025-01-28
1456,138,13,2,2025-12-04
1582,64,14,4,2025-08-23
1850,43,15,2,2025-10-11
358,87,6,4,2025-07-17
1321,180,8,3,2025-12-13
3,120,5,5,2025-03-26
1610,52,1,5,2025-03-09
188,102,9,2,2025-02-01
1036,55,24,1,2025-03-09
1481,154,15,3,2025-10-01
1305,71,25,4,2025-02-14
50,81,4,5,2025-04-09
718,189,21,2,2025-02-22
146,66,15,3,2025-11-23
147,3,15,3,2025-12-08
1455,83,24,1,2025-05-03
885,151,23,2,2025-03-17
1807,139,25,4,2025-03-15
1506,139,19,2,2025-06-13
384,183,15,1,2025-03-30
1712,147,16,1,2025-12-31
381,115,7,5,2025-12-27
565,11,3,2,2025-11-05
1680,4,20,5,2025-02-28
1692,183,25,5,2025-04-12
1586,28,15,4,2025-09-24
1384,100,10,2,2025-12-02
1653,134,10,5,2025-01-29
1957,38,19,4,2025-12-08
113,142,5,4,2025-08-22
419,34,25,3,2025-07-24
1915,11,12,3,2025-11-13
586,48,18,1,2025-09-08
752,194,8,4,2025-12-25
1027,188,8,2,2025-11-17
1127,30,25,3,2025-12-30
1837,168,1,4,2025-09-08
1119,35,5,4,2025-08-20
1155,78,16,5,2025-12-05
542,62,7,1,2025-01-09
1250,35,21,5,2025-03-24
1226,176,6,5,2025-11-11
767,23,4,2,2025-04-22
918,170,10,3,2025-05-16
1434,31,13,2,2025-10-27
1079,186,19,2,2025-10-23
148,140,6,1,2025-12-13
1115,27,13,5,2025-03-07
1468,120,21,1,2025-02-10
502,123,11,2,2025-03-13
451,29,14,5,2025-12-11
434,94,2,4,2025-07-26
1627,195,14,5,2025-02-04
1193,142,18,2,2025-01-06
960,72,16,1,2025-06-09
532,98,15,4,2025-07-11
573,92,10,3,2025-11-29
413,78,16,2,2025-11-25
539,118,12,2,2025-05-07
1895,107,2,1,2025-01-03
80,39,9,2,2025-11-28
1707,141,6,4,2025-05-05
1845,31,22,5,2025-06-16
1414,73,9,2,2025-02-22
134,10,20,1,2025-10-05
603,104,13,4,2025-02-17
64,39,19,3,2025-03-19
95,27,6,3,2025-12-10
1647,86,11,4,2025-12-18
1635,67,17,5,2025-06-12
436,142,10,1,2025-07-05
1382,196,3,1,2025-09-26
101,106,2,2,2025-08-25
1203,26,7,5,2025-05-09
770,71,21,1,2025-05-07
1708,17,11,2,2025-07-16
597,25,17,2,2025-02-24
711,71,8,5,2025-01-17
336,62,23,2,2025-10-22
1332,174,22,4,2025-02-10
1143,159,25,4,2025-04-14
1304,168,1,2,2025-05-03
1165,63,2,3,2025-11-15
144,175,8,4,2025-11-14
1985,58,1,1,2025-08-26
1942,198,2,2,2025-05-28
307,153,13,2,2025-03-09
1402,112,13,2,2025-10-15
1186,129,4,3,2025-07-03
1611,4,15,4,2025-05-10
1476,46,18,5,2025-11-17
1102,88,12,3,2025-01-02
1051,51,20,2,2025-09-12
242,173,3,3,2025-01-26
842,84,5,1,2025-04-21
1940,34,10,2,2025-10-18
985,97,12,4,2025-08-05
587,9,3,1,2025-09-26
1270,136,14,2,2025-12-24
858,72,15,2,2025-05-21
128,135,15,1,2025-02-21
1643,55,1,2,2025-11-23
127,85,4,4,2025-10-30
1673,86,15,1,2025-02-14
759,99,3,1,2025-04-28
1926,116,20,3,2025-05-30
891,182,18,5,2025-03-31
62,103,16,1,2025-02-03
1687,13,4,4,2025-12-12
1745,140,19,3,2025-07-30
872,169,8,3,2025-05-07
1053,105,10,2,2025-12-27
940,194,15,2,2025-03-03
1555,174,20,2,2025-09-24
607,136,2,2,2025-02-18
553,174,14,5,2025-11-17
1638,47,20,2,2025-09-10
24,154,4,5,2025-12-17
164,52,5,5,2025-03-31
1396,3,1,5,2025-06-05
1187,78,20,1,2025-12-18
320,116,17,2,2025-05-20
566,186,22,5,2025-10-28
1524,44,12,5,2025-06-06
96,178,16,3,2025-07-30
1403,184,24,,2025-03-25
1886,118,14,2,2025-08-27
554,13,12,4,2025-09-11
772,73,25,1,2025-11-08
130,121,9,3,2025-02-08
967,35,25,5,2025-07-26
1804,46,15,1,2025-05-16
551,106,10,3,2025-04-24
1661,106,3,4,2025-05-20
843,64,12,4,2025-12-31
931,145,2,2,2025-05-18
1857,70,17,4,2025-11-24
1421,140,16,2,2025-02-06
354,10,25,2,2025-05-10
748,34,21,3,2025-12-19
968,8,6,2,2025-10-19
1931,39,7,5,2025-09-12
558,58,10,2,2025-05-04
1268,1,25,4,2025-10-04
660,123,19,4,2025-11-03
457,175,8,1,2025-03-17
1453,188,6,1,2025-07-14
151,78,7,4,2025-08-22
1095,24,20,5,2025-01-01
874,100,12,2,2025-10-22
287,64,23,4,2025-01-21
903,28,24,1,2025-05-12
1293,38,16,5,2025-02-16
1253,154,19,1,2025-07-27
312,137,8,3,2025-04-30
1049,131,24,5,2025-02-23
710,195,8,3,2025-01-16
1532,190,18,2,2025-04-18
1488,153,1,5,2025-05-26
1158,130,6,4,2025-02-04
693,157,13,5,2025-07-18
1171,22,4,2,2025-09-21
1116,83,17,4,2025-11-07
1553,39,11,4,2025-04-26
1722,51,7,3,2025-08-17
1633,124,24,5,2025-02-14
677,25,15,4,2025-09-01
888,26,11,3,2025-10-28
1695,117,10,4,2025-02-19
1533,140,17,3,2025-04-15
988,27,1,5,2025-10-27
1312,2,9,2,2025-10-22
412,161,18,3,2025-09-12
323,129,12,2,2025-07-22
347,12,12,5,2025-03-10
1442,143,21,3,2025-06-12
1431,14,22,2,2025-07-04
1448,83,24,4,2025-06-28
1640,7,15,1,2025-03-02
1221,139,16,2,2025-10-06
454,59,24,1,2025-10-23
31,70,20,5,2025-11-30
1741,142,15,4,2025-08-06
1620,171,19,5,2025-01-17
529,16,3,4,2025-10-05
470,198,10,2,2025-06-02
420,144,4,3,2025-09-21
1249,33,19,5,2025-01-23
440,87,18,3,2025-07-11
1825,179,13,1,2025-06-03
1881,46,13,3,2025-08-21
432,138,1,1,2025-05-27
543,153,2,4,2025-02-21
156,191,16,3,2025-11-07
734,107,13,4,2025-11-18
681,133,6,5,2025-05-05
1872,41,1,4,2025-04-01
1605,12,25,2,2025-07-14
425,185,11,2,2025-10-23
1063,174,11,4,2025-07-04
1228,145,22,2,2025-10-17
1923,96,12,4,2025-02-02
981,200,25,1,2025-01-11
518,16,18,5,2025-02-27
1779,4,10,4,2025-08-11
1956,75,25,5,2025-08-31
927,165,18,4,2025-02-16
1763,33,17,1,2025-02-12
1747,95,4,5,2025-12-27
1121,180,18,3,2025-06-03
450,5,12,3,2025-09-01
911,42,24,1,2025-07-12
1632,147,24,5,2025-02-25
142,175,6,2,2025-10-17
343,100,12,,2025-11-22
1323,180,9,2,2025-01-05
1719,1,25,2,2025-11-22
1980,45,18,4,2025-08-01
1276,49,1,1,2025-05-12
511,158,8,2,2025-07-08
1995,15,5,3,2025-10-25
1994,5,9,2,2025-10-22
1993,31,12,5,2025-12-22
300,166,22,4,2025-02-17
746,32,6,4,2025-01-09
1786,151,25,2,2025-12-11
1844,189,22,4,2025-06-22
211,84,13,5,2025-12-31
1218,5,17,1,2025-02-08
1399,77,1,4,2025-09-02
1308,18,3,5,2025-12-27
108,4,18,4,2025-10-10
1209,145,19,3,2025-03-20
1982,48,13,3,2025-04-13
785,109,23,4,2025-08-01
105,113,23,4,2025-05-28
1601,24,4,4,2025-03-05
1315,132,9,5,2025-03-01
989,96,18,5,2025-12-06
1100,122,23,3,2025-11-04
1282,94,20,3,2025-10-17
848,32,1,1,2025-03-13
52,71,24,5,2025-09-05
724,53,7,1,2025-03-13
1306,172,13,4,2025-06-30
686,116,19,4,2025-04-12
1740,47,15,5,2025-11-16
528,89,23,1,2025-08-05
1584,101,20,5,2025-06-10
1556,62,19,2,2025-08-02
1301,9,20,5,2025-04-10
803,128,19,2,2025-01-29
1285,95,18,5,2025-04-02
364,115,20,4,2025-06-06
1267,169,5,5,2025-09-04
1651,40,21,4,2025-09-04
970,13,12,2,2025-08-22
1425,51,15,1,2025-01-18
1181,116,21,4,2025-07-18
124,191,16,4,2025-06-12
1662,96,15,3,2025-05-02
633,153,20,3,2025-02-17
117,186,10,5,2025-05-25
441,51,20,5,2025-03-15
1709,152,14,4,2025-12-22
900,163,3,3,2025-03-27
33,83,8,1,2025-05-18
1417,88,14,3,2025-04-22
179,25,8,5,2025-03-01
1739,179,20,4,2025-08-22
1768,67,23,2,2025-03-31
366,11,24,3,2025-08-17
268,187,21,2,2025-06-29
1024,52,24,3,2025-10-01
986,56,15,3,2025-05-10
49,65,8,1,2025-06-06
1757,108,12,3,2025-06-19
945,100,18,4,2025-02-14
1265,154,2,5,2025-11-11
969,15,8,1,2025-04-13
506,67,21,3,2025-01-06
897,57,21,5,2025-11-10
104,69,18,2,2025-04-15
504,193,9,3,2025-08-17
1948,95,6,2,2025-05-14
1935,49,3,1,2025-05-30
1736,19,21,1,2025-01-06
178,10,10,4,2025-01-24
1771,127,25,4,2025-03-20
495,50,4,3,2025-05-20
684,164,22,4,2025-04-06
1735,172,5,2,2025-05-28
1714,25,15,2,2025-10-12
1159,138,13,1,2025-10-06
290,105,25,3,2025-07-18
213,111,4,1,2025-11-06
637,98,6,2,2025-12-17
1363,89,1,4,2025-05-12
819,198,25,2,2025-09-10
1471,136,2,1,2025-05-17
816,3,12,2,2025-08-22
369,132,24,2,2025-07-06
1075,8,22,2,2025-11-10
669,143,19,5,2025-09-23
1649,85,11,4,2025-04-10
1963,50,19,5,2025-11-25
400,133,5,3,2025-03-05
729,193,14,1,2025-03-11
741,55,16,3,2025-08-08
301,93,1,3,2025-09-18
1602,93,3,5,2025-11-21
480,63,2,5,2025-05-03
673,124,4,3,2025-01-13
733,37,19,3,2025-09-08
972,163,4,1,2025-07-23
1198,42,6,2,2025-03-14
702,166,6,5,2025-12-22
1817,58,1,4,2025-10-04
1689,181,20,5,2025-04-02
1630,106,17,2,2025-09-27
1749,193,25,3,2025-09-27
449,182,19,3,2025-09-08
1953,118,11,2,2025-03-16
1298,153,2,2,2025-12-31
1418,96,15,1,2025-09-13
971,95,15,5,2025-05-21
295,150,22,2,2025-02-11
166,66,16,3,2025-03-26
1272,190,25,5,2025-10-29
1543,98,17,1,2025-04-29
1626,83,12,4,2025-06-03
1589,133,25,1,2025-07-18
1821,166,3,3,2025-11-20
1860,157,3,3,2025-09-13
638,78,9,4,2025-05-18
507,61,2,1,2025-12-21
1742,58,6,4,2025-07-01
1364,90,22,5,2025-03-04
428,101,17,4,2025-02-16
664,169,22,3,2025-05-08
275,18,16,4,2025-08-14
66,156,20,5,2025-08-02
567,123,7,3,2025-04-22
1310,89,9,2,2025-06-28
1958,177,4,4,2025-06-23
926,121,16,3,2025-07-23
20,80,19,4,2025-01-14
1176,19,24,2,2025-11-28
63,162,22,1,2025-10-23
1615,21,20,5,2025-08-15
1154,199,21,5,2025-01-27
1201,119,21,5,2025-10-09
1242,20,17,3,2025-04-28
1195,101,18,5,2025-11-02
627,93,4,1,2025-06-12
1962,84,2,5,2025-02-17
1040,13,20,1,2025-11-16
1472,20,7,5,2025-06-05
498,146,22,2,2025-06-01
1073,146,22,4,2025-09-05
500,132,11,1,2025-08-07
38,88,9,5,2025-05-13
298,144,13,3,2025-06-08
568,4,7,2,2025-06-05
749,71,3,3,2025-03-23
1435,11,19,4,2025-01-05
593,137,18,4,2025-01-04
1064,25,25,1,2025-03-01
1609,161,6,1,2025-05-28
1840,25,15,5,2025-06-07
426,128,17,4,2025-03-23
443,36,23,3,2025-01-20
1150,143,9,2,2025-05-23
1388,122,15,5,2025-06-16
646,111,21,5,2025-06-21
106,8,21,5,2025-03-04
1133,193,6,3,2025-05-17
1870,195,15,1,2025-11-12
53,153,10,1,2025-09-26
402,133,10,1,2025-06-27
854,119,2,2,2025-01-22
850,176,21,1,2025-07-10
1085,165,6,5,2025-01-06
1737,185,16,4,2025-03-15
207,28,16,4,2025-12-18
249,102,20,1,2025-04-23
600,96,13,4,2025-02-10
1776,122,10,4,2025-07-24
1179,65,18,1,2025-04-02
21,184,7,1,2025-07-23
1237,151,21,1,2025-07-07
497,4,24,3,2025-04-06
1946,61,4,1,2025-03-24
1613,61,7,5,2025-09-10
757,88,4,4,2025-12-23
1645,77,17,5,2025-06-07
171,95,22,3,2025-08-21
1113,150,16,5,2025-08-10
23,179,25,3,2025-02-22
1104,43,16,2,2025-01-24
486,83,10,1,2025-05-28
152,28,8,4,2025-09-05
475,11,10,1,2025-05-29
1815,1,17,4,2025-10-22
1759,187,19,3,2025-06-05
1910,179,20,5,2025-05-19
953,99,21,4,2025-05-16
1691,92,10,3,2025-11-12
1206,159,3,2,2025-05-26
1273,109,5,3,2025-02-20
1174,109,4,2,2025-12-17
1588,189,2,5,2025-07-22
1405,161,8,5,2025-08-05
1943,73,15,2,2025-06-30
1523,89,20,1,2025-06-14
149,89,19,3,2025-08-15
665,166,20,1,2025-03-27
1487,1,24,1,2025-07-23
215,111,15,2,2025-04-21
28,28,14,3,2025-09-08
880,10,3,1,2025-09-09
193,151,7,2,2025-04-17
1901,34,12,3,2025-04-22
1420,69,25,4,2025-01-29
836,40,4,2,2025-02-25
1395,106,9,2,2025-07-07
1220,10,18,3,2025-04-19
15,62,5,4,2025-03-20
139,12,11,1,2025-01-15
129,105,21,2,2025-03-15
1688,23,14,4,2025-01-28
1288,169,4,2,2025-03-12
1773,43,7,5,2025-11-23
984,79,23,3,2025-11-08
1599,24,9,3,2025-08-21
1616,63,18,3,2025-01-04
1002,92,17,3,2025-12-10
708,126,14,4,2025-12-17
1131,7,13,2,2025-02-24
1897,109,17,4,2025-01-18
1592,109,10,5,2025-03-27
1369,119,21,2,2025-05-27
311,157,10,4,2025-08-16
499,157,21,4,2025-03-31
1566,106,14,3,2025-06-13
1358,146,2,4,2025-10-15
763,145,1,5,2025-09-29
1125,167,6,5,2025-12-30
721,54,24,5,2025-05-02
415,177,2,2,2025-02-07
709,43,3,5,2025-09-08
472,90,18,3,2025-09-03
1467,54,21,4,2025-01-07
1818,200,16,1,2025-12-19
1231,60,2,2,2025-07-09
14,52,1,5,2025-05-07
120,142,25,5,2025-06-20
405,137,3,5,2025-11-11
6,110,5,4,2025-11-26
19,80,4,5,2025-03-25
548,188,19,3,2025-04-30
1867,41,22,1,2025-04-01
1657,87,13,5,2025-01-16
1539,14,15,1,2025-05-19
1000,186,23,2,2025-06-25
266,131,21,1,2025-02-09
1528,190,2,2,2025-02-27
765,161,24,2,2025-04-20
81,16,6,3,2025-02-06
1097,168,22,4,2025-04-16
217,187,4,3,2025-08-01
1766,155,6,5,2025-02-27
830,101,3,5,2025-11-23
1576,126,16,2,2025-07-18
941,55,7,2,2025-03-27
990,73,10,1,2025-11-08
350,17,23,4,2025-03-11
272,194,19,5,2025-08-26
1764,65,5,5,2025-05-23
1810,19,3,5,2025-01-18
461,129,25,5,2025-07-30
687,2,23,2,2025-07-19
776,99,4,2,2025-09-11
466,137,11,5,2025-08-24
742,73,11,5,2025-06-15
1697,67,12,4,2025-11-12
322,7,14,1,2025-06-28
1045,178,22,1,2025-04-16
1884,33,2,5,2025-06-21
1785,119,25,2,2025-07-20
1089,165,13,4,2025-10-09
86,11,14,3,2025-11-03
47,191,18,3,2025-08-06
1922,109,9,1,2025-12-15
864,162,18,1,2025-05-08
187,95,18,3,2025-12-18
1290,131,13,3,2025-04-20
1200,172,19,1,2025-04-03
1517,167,19,2,2025-07-22
1976,37,7,3,2025-02-14
34,116,8,4,2025-05-23
168,194,8,4,2025-03-14
522,24,17,4,2025-09-08
728,132,22,1,2025-05-17
1372,21,6,3,2025-02-06
952,138,12,4,2025-05-27
1126,178,21,3,2025-10-05
1342,81,23,1,2025-08-24
1934,108,15,1,2025-06-27
1921,91,9,5,2025-06-14
1991,124,19,4,2025-10-25
1706,106,8,5,2025-10-30
1551,71,2,3,2025-09-14
606,166,11,5,2025-08-11
876,92,19,1,2025-12-24
510,31,21,3,2025-12-20
1046,108,22,1,2025-06-04
1183,31,18,1,2025-12-11
1590,75,15,4,2025-04-08
616,186,3,5,2025-12-19
979,166,8,2,2025-04-24
163,84,24,4,2025-06-01
896,47,20,3,2025-01-17
1436,153,5,3,2025-12-19
1803,86,2,3,2025-07-18
1438,176,20,3,2025-02-16
1015,146,15,2,2025-07-29
318,142,4,5,2025-07-10
1258,169,17,3,2025-11-16
950,150,25,1,2025-10-29
700,148,13,4,2025-03-12
1917,182,25,2,2025-10-15
83,32,15,3,2025-08-13
191,86,8,2,2025-01-26
873,189,2,2,2025-10-01
890,125,21,3,2025-11-24
382,178,16,2,2025-05-27
755,152,8,5,2025-03-09
1340,101,22,2,2025-06-27
1375,114,25,3,2025-05-19
1223,35,15,5,2025-05-29
550,78,5,5,2025-05-02
976,192,23,1,2025-05-13
795,4,23,2,2025-03-03
913,124,23,1,2025-11-11
1731,98,13,,2025-12-31
1317,145,16,2,2025-07-13
1050,73,4,1,2025-03-02
1292,100,21,1,2025-03-24
197,7,5,1,2025-12-05
736,132,24,3,2025-07-26
1969,93,13,2,2025-12-08
1461,34,6,1,2025-01-23
886,135,12,1,2025-02-26
1006,86,21,1,2025-12-15
612,37,25,4,2025-10-28
247,174,19,4,2025-12-14
316,52,20,2,2025-03-24
584,44,24,3,2025-08-24
825,108,16,1,2025-05-02
1362,93,18,5,2025-07-04
1999,75,17,1,2025-05-29
427,79,16,1,2025-09-13
1510,24,8,4,2025-09-16
1269,108,12,1,2025-09-25
1365,148,19,5,2025-04-12
492,28,11,3,2025-11-05
365,177,15,3,2025-03-27
523,117,5,5,2025-01-29
817,145,10,5,2025-05-30
190,164,20,1,2025-11-25
782,18,1,3,2025-10-28
145,37,8,4,2025-10-26
1979,105,21,3,2025-01-04
662,10,12,5,2025-10-06
1178,23,3,1,2025-01-20
100,1,22,5,2025-09-21
433,35,9,3,2025-08-09
265,86,25,2,2025-04-24
666,166,22,4,2025-10-16
928,95,13,3,2025-04-05
90,11,25,2,2025-10-23
1903,172,10,2,2025-09-03
12,58,21,1,2025-06-29
552,143,19,2,2025-02-01
1261,97,13,2,2025-04-28
1966,172,3,5,2025-12-13
943,161,5,5,2025-04-14
167,30,15,1,2025-06-23
1449,154,18,2,2025-05-21
315,129,17,4,2025-07-15
1227,115,6,,2025-03-13
218,81,22,3,2025-08-07
766,158,22,4,2025-07-30
808,94,13,2,2025-08-30
1743,2,19,4,2025-11-06
1634,74,14,5,2025-12-28
54,76,8,3,2025-04-10
674,22,4,2,2025-08-01
194,199,5,,2025-06-18
1720,39,15,5,2025-12-05
1637,128,17,4,2025-10-16
1530,178,4,3,2025-06-25
853,24,11,1,2025-03-07
1138,191,21,5,2025-04-25
1078,81,1,5,2025-12-02
1859,10,20,2,2025-12-21
1225,3,22,2,2025-09-15
1451,68,18,3,2025-06-01
1042,177,4,4,2025-01-25
345,188,22,1,2025-05-04
1243,39,6,2,2025-04-19
582,168,22,3,2025-10-09
418,184,11,3,2025-06-10
192,53,3,5,2025-10-17
716,139,25,1,2025-07-07
1832,87,2,3,2025-01-19
304,20,10,1,2025-03-21
231,158,22,5,2025-11-15
1700,122,4,3,2025-02-03
938,129,19,5,2025-01-18
743,34,19,4,2025-10-23
1149,97,2,4,2025-03-03
731,38,23,3,2025-05-08
905,106,16,4,2025-03-27
1820,78,13,1,2025-12-16
1748,177,3,2,2025-09-04
238,108,15,3,2025-07-12
1457,175,16,5,2025-09-26
957,102,11,2,2025-01-20
335,138,1,5,2025-11-02
1271,197,13,3,2025-09-04
964,55,14,4,2025-08-15
1675,148,25,3,2025-01-12
376,136,12,4,2025-03-12
471,181,16,3,2025-12-20
1894,152,5,5,2025-04-24
305,198,18,5,2025-09-17
1800,171,25,3,2025-12-21
1797,29,23,2,2025-04-05
902,178,3,3,2025-05-08
1139,61,17,3,2025-07-19
310,94,22,2,2025-07-30
1344,26,11,3,2025-10-25
647,77,11,5,2025-03-11
338,62,19,4,2025-06-30
1834,171,17,4,2025-12-01
1542,75,21,,2025-01-10
1059,186,24,1,2025-02-08
541,170,14,5,2025-01-17
1642,86,12,5,2025-01-24
1246,124,22,4,2025-02-28
881,155,8,1,2025-04-30
739,163,22,3,2025-08-23
576,95,11,4,2025-04-15
1505,79,17,1,2025-01-28
262,112,4,2,2025-02-15
91,133,21,4,2025-08-29
1411,180,20,4,2025-05-20
240,153,3,1,2025-10-18
1199,65,7,1,2025-11-12
291,154,2,3,2025-12-14
1949,182,2,3,2025-10-15
1087,83,8,3,2025-09-09
1350,72,15,2,2025-07-25
184,105,9,1,2025-11-12
1898,179,4,4,2025-09-03
959,6,11,3,2025-07-10
695,45,22,3,2025-11-13
1010,14,21,5,2025-08-29
1032,135,11,4,2025-11-02
1598,117,19,2,2025-04-02
1300,169,17,3,2025-04-14
1792,50,2,1,2025-05-09
1419,21,25,2,2025-06-19
85,127,15,1,2025-10-04
1146,199,24,2,2025-04-11
271,20,6,4,2025-12-02
760,81,12,3,2025-02-22
1778,68,5,5,2025-08-31
620,163,9,4,2025-01-16
781,198,3,1,2025-08-30
1527,194,24,1,2025-03-21
520,84,17,4,2025-03-26
11,192,18,1,2025-01-10
94,105,11,3,2025-06-28
726,138,6,3,2025-11-02
1343,173,7,4,2025-01-07
1608,79,10,4,2025-08-03
1341,31,23,5,2025-08-23
1327,47,24,2,2025-05-18
121,117,11,2,2025-07-13
1672,80,2,5,2025-01-03
196,65,6,1,2025-10-04
150,109,23,3,2025-11-24
525,119,22,3,2025-10-14
1406,178,22,3,2025-11-10
1681,27,7,5,2025-09-21
435,146,18,2,2025-01-27
815,84,3,5,2025-06-09
663,164,3,1,2025-11-01
273,175,19,5,2025-08-18
1914,99,12,4,2025-02-26
1906,104,6,3,2025-12-27
176,119,23,3,2025-11-22
939,174,20,2,2025-10-20
1194,11,1,5,2025-03-05
758,34,16,1,2025-12-22
509,129,23,3,2025-12-18
924,44,21,3,2025-04-16
1696,60,8,2,2025-08-29
1278,97,21,2,2025-01-04
595,74,1,5,2025-10-02
1950,38,12,4,2025-06-26
1890,134,16,2,2025-07-30
1398,3,23,4,2025-10-01
1724,184,12,1,2025-08-11
857,91,7,2,2025-03-30
388,131,8,1,2025-07-05
580,51,11,2,2025-03-20
442,129,2,1,2025-07-25
1987,168,22,3,2025-03-05
424,64,6,3,2025-08-03
1924,129,17,1,2025-09-06
1500,165,10,1,2025-11-01
783,11,2,4,2025-04-21
1932,6,10,4,2025-11-18
590,130,15,3,2025-04-22
546,60,18,2,2025-08-13
391,120,18,2,2025-07-08
1478,173,15,4,2025-07-03
1316,65,23,4,2025-10-22
1947,148,5,4,2025-06-12
1013,77,14,1,2025-09-29
930,120,9,2,2025-08-14
1483,196,21,4,2025-07-31
1984,78,16,5,2025-10-27
1869,112,9,3,2025-04-18
241,41,25,5,2025-03-21
1162,136,16,5,2025-11-13
349,123,21,2,2025-12-23
1790,27,22,4,2025-09-26
1621,85,3,1,2025-06-02
306,170,11,5,2025-01-20
533,21,22,5,2025-07-12
1812,39,21,1,2025-09-12
879,139,10,2,2025-09-10
1266,193,4,1,2025-09-15
822,89,21,1,2025-10-05
102,93,20,4,2025-09-23
1772,61,22,4,2025-07-16
537,77,15,5,2025-01-12
1295,95,3,5,2025-04-24
1495,64,8,3,2025-10-26
183,168,4,4,2025-08-01
469,143,10,2,2025-05-23
1254,73,3,2,2025-12-05
1144,163,23,3,2025-04-26
48,180,15,3,2025-06-30
43,5,3,3,2025-08-18
460,106,23,2,2025-03-19
1579,57,24,2,2025-07-31
773,78,7,5,2025-12-04
806,190,17,1,2025-04-27
373,9,20,2,2025-10-18
1793,24,2,5,2025-11-14
1919,167,16,5,2025-02-28
173,173,8,4,2025-02-25
407,44,22,5,2025-03-20
1864,57,15,2,2025-09-17
671,198,22,5,2025-08-26
1916,166,18,1,2025-03-31
356,85,9,1,2025-12-02
534,168,12,1,2025-03-10
274,161,11,2,2025-06-15
980,167,14,5,2025-05-18
925,122,4,3,2025-02-11
655,182,7,4,2025-08-25
1482,141,11,3,2025-06-11
1217,188,21,1,2025-05-15
1936,134,21,3,2025-04-29
1811,199,15,1,2025-05-09
512,123,5,4,2025-03-10
324,21,12,2,2025-07-17
227,40,22,4,2025-04-19
1819,138,12,3,2025-10-18
1180,59,9,4,2025-10-22
1437,64,6,4,2025-02-15
626,163,5,4,2025-12-31
1728,144,12,1,2025-12-27
1521,29,22,4,2025-02-15
1777,60,13,4,2025-09-30
7,13,9,4,2025-04-04
1828,10,7,1,2025-03-13
1313,130,4,5,2025-07-28
909,6,11,3,2025-05-31
1291,158,23,1,2025-10-09
377,167,9,2,2025-06-10
1326,91,7,5,2025-06-10
1314,129,10,3,2025-02-07
107,182,6,3,2025-05-03
1463,9,19,4,2025-02-20
1515,34,25,2,2025-12-24
1713,153,15,3,2025-10-31
1513,141,13,3,2025-01-26
1234,181,17,3,2025-02-22
862,72,13,2,2025-02-14
721,54,24,5,2025-05-02
1909,9,10,4,2025-09-29
1037,130,6,1,2025-10-29
535,138,13,5,2025-04-02
1353,111,13,2,2025-10-12
206,123,13,4,2025-02-01
1591,199,10,4,2025-06-05
682,85,18,4,2025-03-23
846,143,24,5,2025-08-20
965,96,2,5,2025-09-22
1666,129,5,2,2025-09-05
165,136,17,3,2025-07-07
562,166,3,4,2025-06-19
70,157,24,1,2025-01-31
833,180,24,3,2025-07-21
1443,188,7,1,2025-08-13
650,163,16,5,2025-12-22
1294,23,3,3,2025-08-11
899,61,12,3,2025-02-09
1473,26,24,2,2025-02-19
431,168,22,4,2025-11-02
610,145,22,1,2025-10-06
483,175,25,2,2025-02-21
1702,155,19,2,2025-06-28
617,14,4,,2025-06-27
524,117,19,1,2025-08-01
805,173,24,1,2025-10-21
17,180,9,3,2025-08-27
796,3,6,4,2025-12-26
1970,95,13,3,2025-08-07
485,122,16,2,2025-12-01
1096,78,17,5,2025-11-23
250,53,10,2,2025-01-04
1571,60,20,2,2025-11-10
1309,186,18,5,2025-05-26
634,4,10,4,2025-07-17
788,21,17,2,2025-06-08
1132,172,2,2,2025-01-28
1911,54,22,1,2025-10-22
491,3,10,5,2025-01-20
112,124,16,2,2025-08-01
1357,125,10,3,2025-06-11
72,21,6,2,2025-12-05
1241,36,15,2,2025-09-14
1322,91,17,5,2025-07-31
44,104,23,2,2025-04-24
632,23,12,5,2025-01-14
754,55,16,1,2025-01-01
1534,124,20,2,2025-10-08
744,175,25,1,2025-06-25
297,153,23,1,2025-03-08
1668,199,11,2,2025-06-08
505,150,24,5,2025-06-04
1852,157,13,2,2025-11-20
868,7,11,5,2025-04-03
1118,102,11,3,2025-05-21
1581,126,23,3,2025-11-12
1835,138,5,5,2025-12-14
768,151,24,4,2025-03-05
1093,5,4,4,2025-12-01
1655,54,19,3,2025-01-10
1796,97,22,5,2025-03-08
1849,44,23,3,2025-08-01
521,175,7,5,2025-03-01
837,120,11,4,2025-08-19
1862,50,4,5,2025-05-01
563,24,18,2,2025-07-09
1554,36,3,4,2025-12-03
359,128,12,5,2025-12-21
219,40,22,4,2025-07-11
296,80,21,4,2025-06-29
1997,14,9,3,2025-03-25
867,83,13,3,2025-09-15
1585,138,17,1,2025-11-01
799,198,1,3,2025-03-02
1197,106,21,5,2025-04-19
675,80,11,4,2025-06-28
1912,86,24,1,2025-11-14
1889,142,8,1,2025-10-23
1229,92,2,2,2025-09-05
488,190,24,1,2025-10-01
1429,134,4,3,2025-10-09
1017,86,21,2,2025-09-07
516,135,15,5,2025-02-11
1076,125,4,4,2025-09-05
1189,170,1,4,2025-07-22
1361,191,11,3,2025-08-19
1069,117,9,4,2025-07-24
248,171,10,1,2025-09-27
1025,83,25,5,2025-01-08
1170,167,7,3,2025-06-01
230,58,14,5,2025-10-21
1469,143,24,4,2025-07-04
288,135,17,5,2025-08-13
813,58,17,1,2025-04-02
185,95,7,4,2025-12-20
1347,88,12,2,2025-11-10
1514,103,17,4,2025-02-13
1561,181,17,2,2025-12-19
834,116,9,2,2025-06-12
131,178,13,1,2025-11-16
611,81,1,2,2025-04-02
1900,178,24,4,2025-01-07
643,118,4,2,2025-04-11
172,98,21,3,2025-10-27
114,154,17,2,2025-04-08
1670,186,2,4,2025-04-16
996,36,24,1,2025-12-15
87,65,1,1,2025-11-06
1320,18,13,2,2025-05-13
361,111,20,2,2025-02-10
1128,123,19,5,2025-10-15
1783,70,11,3,2025-11-30
1404,57,9,1,2025-07-13
530,74,14,2,2025-01-17
1968,155,17,1,2025-11-05
280,24,20,5,2025-11-27
559,15,18,4,2025-08-26
327,179,5,4,2025-08-30
1559,36,19,5,2025-12-01
76,181,10,4,2025-05-28
1325,142,6,4,2025-02-08
865,183,12,4,2025-07-15
894,46,24,1,2025-03-07
1147,115,6,1,2025-05-31
995,154,13,3,2025-01-30
951,145,25,1,2025-02-24
636,147,17,2,2025-05-05
503,67,13,2,2025-01-04
57,75,23,2,2025-10-11
394,106,25,4,2025-09-27
308,47,23,5,2025-03-25
233,47,9,3,2025-01-15
489,107,6,1,2025-03-31
832,75,9,3,2025-05-02
484,141,6,4,2025-01-03
1232,93,13,4,2025-09-23
1407,167,24,5,2025-05-26
526,102,9,1,2025-01-12
1883,92,9,2,2025-11-20
1324,24,13,3,2025-05-28
588,106,5,2,2025-01-04
1927,178,3,2,2025-12-11
845,45,1,4,2025-05-14
417,88,20,2,2025-04-15
1299,127,15,1,2025-11-24
132,173,18,4,2025-06-18
653,152,18,2,2025-04-13
841,179,20,1,2025-12-27
892,58,22,5,2025-07-02
1526,60,7,3,2025-01-23
1652,86,15,4,2025-10-02
309,185,15,1,2025-03-26
493,165,18,5,2025-08-21
303,50,8,2,2025-09-06
948,134,14,1,2025-10-28
747,1,14,2,2025-08-22
1767,169,15,3,2025-03-19
1070,123,14,2,2025-12-20
123,199,14,1,2025-04-30
1284,142,18,4,2025-07-31
1489,78,1,3,2025-03-11
1160,57,7,3,2025-06-28
889,35,6,4,2025-06-15
1259,186,22,3,2025-03-27
1092,81,4,4,2025-08-17
1307,52,17,1,2025-10-28
549,154,25,3,2025-10-23
958,191,16,3,2025-01-26
1705,137,15,4,2025-06-04
437,130,15,5,2025-07-17
1758,43,2,5,2025-05-29
1182,81,1,4,2025-08-10
383,35,3,4,2025-03-04
1058,24,25,5,2025-03-18
1441,33,16,2,2025-02-24
1286,65,10,5,2025-09-05
1928,23,3,4,2025-08-23
370,37,20,4,2025-01-16
1122,189,18,2,2025-12-31
1376,134,15,4,2025-10-28
929,115,2,3,2025-04-06
1056,4,22,1,2025-01-02
1905,117,15,2,2025-01-13
515,175,25,5,2025-05-07
1548,126,13,2,2025-06-20
849,34,7,4,2025-04-24
1896,188,25,5,2025-08-29
642,127,20,5,2025-11-17
1106,49,4,4,2025-04-11
1359,177,6,1,2025-02-20
887,181,22,4,2025-07-11
615,99,25,2,2025-06-19
1693,194,25,4,2025-02-10
619,153,13,3,2025-11-11
1335,127,19,3,2025-06-11
158,49,20,3,2025-11-22
712,44,25,4,2025-05-28
1937,149,11,3,2025-07-30
875,61,19,3,2025-04-01
974,46,16,5,2025-08-17
1088,13,17,2,2025-05-23
1161,93,10,2,2025-06-19
138,43,23,3,2025-08-16
1751,23,8,4,2025-11-09
690,84,7,4,2025-07-07
1213,119,15,3,2025-09-03
195,71,5,2,2025-01-02
1871,190,2,5,2025-02-23
1470,182,2,5,2025-07-08
189,117,3,2,2025-03-04
1522,94,12,2,2025-08-05
1280,40,14,5,2025-02-24
1806,166,16,1,2025-04-02
824,27,7,5,2025-06-07
1175,180,24,4,2025-10-03
609,12,3,3,2025-05-19
98,117,3,3,2025-01-19
544,173,23,1,2025-11-03
589,182,5,1,2025-02-04
1839,45,21,1,2025-01-08
1098,94,2,2,2025-06-24
155,3,19,1,2025-05-21
1302,179,8,5,2025-09-22
1622,107,6,2,2025-02-25
1698,180,22,3,2025-04-04
893,97,10,3,2025-03-31
1770,22,5,5,2025-06-25
614,146,13,5,2025-05-04
1260,153,19,1,2025-08-21
342,100,16,1,2025-01-11
696,152,3,2,2025-11-11
1367,173,17,4,2025-06-16
1030,43,3,1,2025-06-06
1018,163,2,1,2025-06-10
689,27,18,2,2025-10-23
422,64,5,1,2025-08-19
1656,17,5,3,2025-07-01
1933,139,5,4,2025-12-16
205,118,21,1,2025-06-04
1001,137,21,4,2025-12-18
201,191,3,4,2025-02-28
1173,172,21,2,2025-04-18
661,130,23,,2025-10-01
800,70,17,1,2025-08-08
1169,115,16,1,2025-09-18
1639,75,7,,2025-12-29
649,102,11,3,2025-04-01
46,142,17,3,2025-08-31
1205,168,8,1,2025-12-10
962,69,24,4,2025-06-14
1426,171,7,4,2025-09-24
42,122,21,4,2025-12-20
547,36,17,3,2025-01-29
863,52,21,5,2025-08-03
1055,124,11,2,2025-12-19
1164,62,21,5,2025-08-17
866,125,12,5,2025-10-06
1348,109,7,4,2025-09-13
1974,74,6,4,2025-08-15
77,176,8,3,2025-02-06
668,67,8,5,2025-02-20
1103,134,12,1,2025-10-08
41,126,18,2,2025-07-28
348,165,6,4,2025-06-23
692,164,11,5,2025-09-28
235,145,22,4,2025-03-15
625,69,5,4,2025-02-12
135,162,22,3,2025-05-01
1941,59,16,3,2025-05-14
174,159,18,3,2025-01-13
1214,125,18,1,2025-06-06
1663,135,10,2,2025-04-21
1328,189,7,2,2025-09-13
481,164,8,1,2025-04-26
508,79,6,4,2025-08-27
501,172,4,2,2025-07-25
1355,46,14,4,2025-01-05
116,130,9,1,2025-06-24
1893,84,14,5,2025-05-07
1410,117,20,4,2025-11-23
732,195,22,4,2025-05-07
707,168,16,4,2025-09-16
1801,42,25,1,2025-05-12
200,190,14,5,2025-03-06
780,140,22,2,2025-07-07
699,100,14,5,2025-09-19
1281,67,18,4,2025-05-10
1568,200,7,1,2025-03-19
56,71,2,1,2025-03-06
1196,79,7,3,2025-02-13
1520,83,22,5,2025-08-09
715,69,25,5,2025-02-28
1851,11,5,1,2025-10-25
263,151,13,5,2025-08-12
93,126,3,4,2025-11-22
1775,14,6,4,2025-03-01
58,193,16,1,2025-11-23
126,10,5,5,2025-09-11
657,128,5,3,2025-12-11
583,196,16,4,2025-05-12
1570,69,20,5,2025-11-12
723,110,6,5,2025-11-20
1782,91,14,5,2025-11-23
1264,25,6,4,2025-11-07
774,131,7,4,2025-11-07
1211,64,8,4,2025-06-10
1014,36,7,3,2025-03-19
540,49,24,1,2025-05-22
802,117,17,3,2025-09-12
115,71,25,4,2025-02-05
1038,183,21,1,2025-07-07
321,24,8,4,2025-08-12
1152,120,23,2,2025-06-19
1854,46,3,5,2025-01-04
963,166,3,2,2025-11-06
1172,137,1,1,2025-10-03
1105,28,9,5,2025-07-29
1404,57,9,1,2025-07-13
1805,52,20,4,2025-09-09
1918,86,8,5,2025-03-12
1694,34,3,,2025-10-18
1383,159,5,1,2025-05-15
1166,30,13,3,2025-07-15
225,74,20,3,2025-01-27
1685,87,18,4,2025-11-10
999,182,19,2,2025-10-26
797,134,17,3,2025-06-27
2000,50,25,2,2025-09-21
640,108,10,4,2025-05-22
1727,141,2,1,2025-07-09
883,52,5,3,2025-11-11
1789,4,14,1,2025-02-04
337,110,1,5,2025-05-30
1447,146,6,5,2025-04-08
1711,170,22,1,2025-03-30
1597,83,15,1,2025-07-31
1351,34,19,2,2025-10-20
1141,107,22,3,2025-07-18
363,84,22,3,2025-02-10
1920,54,25,2,2025-12-26
74,105,15,5,2025-01-02
942,109,3,4,2025-01-22
907,148,21,2,2025-09-03
771,142,20,5,2025-05-08
645,98,11,4,2025-11-14
922,76,22,5,2025-02-14
786,164,18,5,2025-02-12
1913,173,12,1,2025-09-21
882,123,1,3,2025-09-27
65,64,4,5,2025-02-13
1565,38,24,1,2025-06-12
37,125,7,3,2025-04-04
1120,180,24,5,2025-11-05
1108,194,14,1,2025-02-25
1658,147,20,4,2025-03-26
704,81,15,5,2025-04-06
1111,35,16,1,2025-09-16
536,187,8,1,2025-03-07
1034,193,7,2,2025-07-03
1005,186,18,2,2025-05-13
1020,196,6,4,2025-10-23
1356,162,17,5,2025-03-10
602,176,3,1,2025-06-03
414,104,10,4,2025-12-17
1831,137,15,1,2025-09-13
1624,144,6,4,2025-10-21
1009,76,15,1,2025-10-27
1572,176,1,3,2025-04-29
1829,62,16,4,2025-10-31
1540,100,22,3,2025-02-04
1354,190,5,4,2025-03-16
1972,115,18,1,2025-06-07
1557,80,20,3,2025-08-07
1904,118,19,5,2025-12-27
1277,134,4,5,2025-10-23
1274,197,8,1,2025-09-02
621,59,12,5,2025-09-09
313,50,12,5,2025-08-29
670,115,12,4,2025-04-24
1392,135,21,5,2025-08-11
1239,104,12,3,2025-09-22
784,74,21,5,2025-09-17
367,112,9,1,2025-11-11
55,78,1,5,2025-04-02
1389,141,15,2,2025-05-20
1021,34,20,4,2025-02-15
1874,152,19,3,2025-08-16
1701,119,6,3,2025-09-03
109,58,4,4,2025-02-17
1512,22,16,5,2025-06-22
204,158,2,5,2025-04-24
61,65,16,1,2025-01-27
276,78,9,5,2025-11-20
1287,199,23,4,2025-06-26
473,32,19,5,2025-05-28
1019,71,7,2,2025-08-20
1003,169,18,2,2025-03-29
514,194,18,2,2025-08-30
251,196,9,3,2025-03-12
222,143,2,5,2025-03-08
932,171,4,1,2025-12-23
1573,177,25,4,2025-02-10
302,47,7,3,2025-06-08
572,98,15,5,2025-05-25
1048,180,5,4,2025-11-07
993,183,21,3,2025-12-02
829,25,17,2,2025-10-25
1236,97,21,4,2025-03-31
1366,200,10,3,2025-03-31
1795,31,3,5,2025-12-29
730,168,5,2,2025-05-22
820,195,8,2,2025-10-07
1319,8,16,1,2025-10-28
1641,158,14,4,2025-04-17
1617,161,18,2,2025-11-14
1978,194,13,1,2025-10-30
560,143,17,2,2025-08-02
1216,36,18,2,2025-05-24
1192,174,24,3,2025-06-02
1569,48,1,5,2025-03-09
1462,28,16,2,2025-04-14
1567,191,21,,2025-08-15
571,62,18,3,2025-07-23
1023,99,1,1,2025-09-02
1858,62,6,5,2025-07-30
870,121,17,3,2025-01-30
1717,127,21,1,2025-06-17
477,55,7,5,2025-09-03
252,31,1,4,2025-06-17
828,96,15,1,2025-12-25
1729,8,8,4,2025-05-25
1219,149,13,5,2025-10-25
411,159,21,1,2025-08-02
694,90,12,4,2025-02-28
408,87,19,1,2025-11-06
745,26,21,4,2025-01-24
133,161,23,4,2025-06-12
346,189,25,3,2025-10-25
1519,63,3,3,2025-05-07
209,17,5,3,2025-03-17
1210,110,6,1,2025-06-11
1424,198,15,2,2025-07-17
821,105,1,2,2025-01-04
809,10,18,4,2025-04-02
294,155,5,3,2025-12-03
245,194,17,1,2025-04-21
175,57,21,1,2025-11-09
1386,33,5,5,2025-11-17
1349,193,12,3,2025-12-25
1071,34,23,1,2025-02-27
898,128,5,3,2025-02-23
812,31,17,1,2025-07-10
216,87,15,4,2025-07-31
1377,48,1,2,2025-03-27
1007,91,8,3,2025-04-24
1381,7,25,4,2025-01-28
295,150,22,2,2025-02-11
368,172,21,4,2025-02-08
753,24,23,1,2025-12-02
1391,117,21,5,2025-11-02
975,90,12,2,2025-10-10
1977,135,11,1,2025-09-01
1808,158,21,1,2025-04-22
143,21,20,4,2025-03-31
1944,42,23,5,2025-11-13
387,77,6,2,2025-05-29
877,180,12,5,2025-12-27
1882,118,24,2,2025-03-11
596,173,14,2,2025-12-24
1836,19,2,2,2025-04-30
1135,76,7,5,2025-12-20
463,36,17,2,2025-12-28
910,19,11,2,2025-02-23
1723,146,22,3,2025-06-03
1408,106,7,1,2025-05-18
1964,197,9,2,2025-04-24
1508,13,22,4,2025-03-20
1230,60,3,3,2025-09-07
936,122,19,2,2025-12-18
581,146,8,4,2025-07-14
789,138,11,4,2025-03-21
237,192,17,2,2025-02-16
1012,129,4,4,2025-04-10
672,129,5,3,2025-12-20
169,94,3,4,2025-10-13
84,104,9,5,2025-12-25
1479,43,6,5,2025-02-23
1142,14,1,3,2025-10-10
591,159,21,5,2025-01-31
1444,97,12,2,2025-12-19
740,137,13,2,2025-02-02
1562,198,5,5,2025-08-09
1016,184,6,1,2025-06-11
279,95,10,1,2025-01-30
1065,36,22,2,2025-01-05
226,27,19,5,2025-06-30
955,71,13,2,2025-03-30
1902,166,3,1,2025-05-03
644,2,13,3,2025-06-05
1560,52,5,3,2025-12-17
232,156,22,3,2025-01-14
835,52,5,5,2025-02-08
467,174,25,3,2025-07-01
1054,141,16,2,2025-01-21
1856,33,7,2,2025-12-21
869,8,25,3,2025-04-23
778,4,12,3,2025-09-28
727,75,10,5,2025-12-27
1710,88,18,2,2025-10-18
371,33,3,2,2025-01-18
220,24,3,1,2025-02-04
1380,17,16,5,2025-02-18
901,3,9,2,2025-08-17
380,68,25,3,2025-03-02
1208,169,10,5,2025-11-12
1430,164,10,2,2025-09-04
751,102,21,3,2025-01-27
973,96,16,5,2025-05-04
1450,136,5,4,2025-02-05
1744,183,17,3,2025-05-02
1033,35,11,4,2025-12-18
439,33,4,4,2025-03-02
1873,30,3,2,2025-09-21
1486,93,15,4,2025-05-11
9,195,13,3,2025-06-22
1101,30,4,2,2025-08-20
1545,48,7,5,2025-02-15
1847,152,6,3,2025-01-24
352,11,11,3,2025-04-13
578,67,18,5,2025-01-09
393,184,24,4,2025-07-23
1466,57,20,1,2025-07-07
445,132,5,3,2025-11-07
1084,143,20,1,2025-03-18
29,118,23,2,2025-11-22
1955,166,23,3,2025-06-19
1185,12,23,1,2025-10-27
1679,39,6,3,2025-05-20
203,28,15,5,2025-10-31
140,92,12,4,2025-05-31
1168,198,12,5,2025-09-22
1035,5,8,2,2025-07-26
496,188,15,3,2025-03-25
1256,57,14,5,2025-03-29
1493,10,15,3,2025-02-18
1600,167,23,2,2025-12-21
1026,5,22,1,2025-04-08
1752,190,22,1,2025-11-19
329,66,7,2,2025-01-10
722,90,23,5,2025-12-19
713,191,25,4,2025-10-17
1188,196,15,4,2025-05-25
569,192,25,4,2025-03-02
1529,38,10,1,2025-11-14
1983,126,2,3,2025-10-11
299,172,23,5,2025-03-07
186,61,12,1,2025-08-16
60,113,11,2,2025-09-03
720,23,15,1,2025-06-28
1374,69,20,4,2025-12-30
379,133,13,5,2025-09-13
410,167,7,5,2025-05-16
1846,36,11,2,2025-10-07
1204,85,12,2,2025-09-07
421,120,4,3,2025-05-04
1233,12,2,3,2025-08-21
1885,72,5,1,2025-01-31
254,181,8,5,2025-09-30
1603,99,24,5,2025-12-29
198,61,19,3,2025-07-03
1546,144,23,1,2025-08-23
22,177,21,2,2025-10-31
1368,21,13,5,2025-08-17
618,20,11,5,2025-04-29
136,192,3,4,2025-04-27
89,196,22,3,2025-01-11
519,147,18,2,2025-04-14
1861,108,1,5,2025-06-28
244,114,14,3,2025-11-07
961,35,10,4,2025-04-27
122,62,19,4,2025-12-24
1215,166,20,1,2025-03-31
1052,134,7,3,2025-05-15
1352,185,9,2,2025-02-21
1625,93,2,1,2025-10-24
68,114,10,5,2025-08-19
221,25,24,3,2025-08-10
403,51,21,5,2025-05-09
88,173,19,5,2025-04-28
884,83,2,1,2025-04-01
1552,8,18,3,2025-07-18
992,84,9,3,2025-11-24
1587,63,17,5,2025-01-22
39,71,18,1,2025-12-26
160,25,21,1,2025-11-18
229,30,25,3,2025-07-08
1606,145,22,2,2025-06-21
1563,82,3,5,2025-03-22
1415,187,1,2,2025-08-13
871,60,6,1,2025-10-27
161,113,2,5,2025-06-08
267,131,7,3,2025-09-29
430,13,10,4,2025-01-25
257,118,3,3,2025-01-10
630,111,15,5,2025-04-06
465,97,11,2,2025-09-27
1410,117,20,4,2025-11-23
292,85,4,5,2025-02-03
1422,65,13,1,2025-04-09
1755,200,1,4,2025-10-01
264,102,10,3,2025-02-10
456,185,20,4,2025-11-19
243,170,14,4,2025-08-15
1669,133,22,2,2025-02-20
1525,160,5,4,2025-08-15
59,147,10,4,2025-01-07
624,64,23,1,2025-06-01
1454,94,25,5,2025-11-14
353,102,18,4,2025-09-21
701,125,21,5,2025-04-06
1564,185,4,2,2025-09-30
1072,27,14,5,2025-03-23
1224,24,13,3,2025-09-19
1823,166,7,2,2025-05-29
906,140,13,1,2025-06-29
1674,134,25,3,2025-02-22
285,116,4,3,2025-02-01
743,34,19,4,2025-10-23
1416,39,1,4,2025-02-16
639,17,6,4,2025-03-16
714,131,4,5,2025-10-09
983,3,8,3,2025-11-04
36,8,16,3,2025-06-22
1892,187,14,2,2025-01-08
269,27,5,3,2025-05-01
1677,74,9,5,2025-04-09
239,95,10,3,2025-03-22
157,156,12,2,2025-04-28
1877,26,8,4,2025-04-27
944,82,24,1,2025-05-13
855,111,24,4,2025-10-21
234,90,1,2,2025-06-23
1644,73,9,1,2025-12-20
1549,89,22,3,2025-01-10
1439,16,2,3,2025-11-17
1129,182,14,5,2025-12-08
1460,134,22,1,2025-02-19
1090,21,15,4,2025-05-01
1733,36,7,5,2025-09-01
1077,12,3,3,2025-08-14
1951,42,18,3,2025-10-04
1703,27,13,1,2025-09-18
1413,137,1,2,2025-01-26
1257,150,25,2,2025-03-15
1145,140,24,5,2025-10-29
1838,12,8,2,2025-11-13
1629,178,9,3,2025-03-04
386,17,18,5,2025-12-30
1704,143,21,1,2025-06-16
453,122,9,5,2025-11-02
1031,75,15,5,2025-06-02
317,14,21,4,2025-05-09
447,190,10,5,2025-11-12
210,163,19,5,2025-11-16
334,17,4,4,2025-08-23
1866,176,16,4,2025-03-18
1887,57,10,5,2025-06-25
697,31,8,3,2025-06-10
844,13,22,3,2025-09-20
994,39,17,2,2025-04-07
1595,29,6,5,2025-09-14
764,43,15,3,2025-11-29
577,145,8,2,2025-01-24
1062,45,2,3,2025-02-21
281,99,15,5,2025-09-17
27,88,1,4,2025-11-28
2001,198,15,-3,2025-07-17
2002,38,19,-4,2025-12-08
2003,128,17,-5,2025-03-23
2004,117,5,-3,2025-01-29
2005,60,13,-5,2025-09-30
2006,140,24,-5,2025-10-29
2007,40,11,-3,2025-01-21
2008,41,9,-2,2025-07-08
